N°,Reference,Name,Type,Period,Location,z,tau,RTN,RDIN,LTN,LDIN,LDIN/LTN,CTP,TN/TP,rho,LDON,LTN_out,LDIN_out,LDON_out,RDON
1,Berge et al. 1997,Bergsvatn,Lake,1992-1994,Norway,4.5,0.1,0.2,,75.0,,,13.0,123.0,10.0,,60.0,,,
2,Berge et al. 1997,Eikenesvatn,Lake,1992-1994,Norway,1.5,0.01,0.28,,365.0,,,20.0,60.0,100.0,,262.8,,,
3,Berge et al. 1997,Grennesvatn N,Lake,1992-1994,Norway,2.3,0.02,0.08,,222.0,,,18.0,94.0,50.0,,204.24,,,
4,Berge et al. 1997,Grennesvatn S,Lake,1992-1994,Norway,1.0,0.005,-0.11,,,,,20.0,,200.0,,,,,
5,Berge et al. 1997,Haugestadvatn,Lake,1992-1994,Norway,1.4,0.01,0.05,,215.0,,,35.0,46.0,100.0,,204.25,,,
6,Berge et al. 1997,Hofreistevatn,Lake,1993-1995,Norway,34.3,0.2,0.0,,80.0,,,3.0,121.0,5.0,,80.0,,,
7,Berge et al. 1997,Ørsdalsvatn,Lake,1993-1995,Norway,138.0,2.6,0.05,,18.0,,,2.0,162.0,0.3846153846153846,,17.099999999999998,,,
8,Dudel and Kohl 1992,Müggelsee,Lake,1978-1984,Germany,4.9,0.1,0.17,,,,,168.0,13.0,10.0,,,,,
9,Ekholm et al. 1997,Lappajärvi,Lake,unknown,Finland,7.4,2.8,0.59,,,,,24.0,,0.35714285714285715,,,,,
10,Fleischer et al. 1994,Stjärnap,Lake,1992-1993,Sweden,1.2,0.01,0.1,,767.0,,,,,100.0,,690.3000000000001,,,
11,Fleischer et al. 1994,Tjärby 1,Lake,1992-1993,Sweden,2.1,0.04,0.03,,1026.0,,,,,25.0,,995.22,,,
12,Frisk et al. 2006,Hauhonselkä,Lake,unknown,Finland,3.6,1.2,0.52,,4.0,,,27.0,26.0,0.8333333333333334,,1.92,,,
13,Frisk et al. 2006,Ilmoilanselkä,Lake,unknown,Finland,4.4,1.5,0.91,,13.0,,,17.0,26.0,0.6666666666666666,,1.1699999999999995,,,
14,Frisk et al. 2006,Iso-Roine,Lake,unknown,Finland,7.2,6.0,0.91,,5.0,,,12.0,33.0,0.16666666666666666,,0.44999999999999984,,,
15,Frisk et al. 2006,Kuohjärvi,Lake,unknown,Finland,9.9,1.8,0.29,,3.0,,,6.0,68.0,0.5555555555555556,,2.13,,,
16,Frisk et al. 2006,Nerkoojärvi,Lake,unknown,Finland,3.7,1.6,0.53,,3.0,,,21.0,28.0,0.625,,1.41,,,
17,Frisk et al. 2006,Parkanonjärvi,Lake,unknown,Finland,6.8,0.2,0.2,,45.0,,,31.0,28.0,5.0,,36.0,,,
18,Gibbs and White 1994,Horowhenua,Lake,1988-1989,New Zealand,1.3,0.1,0.59,,70.0,60.0,0.85,173.0,16.0,10.0,10.0,28.700000000000003,,,
19,Granina 1997,Baikal,Lake,"1967,1974,1991,1992",Russia,744.0,330.0,0.51,,1.0,,,23.0,8.0,0.0030303030303030303,,0.49,,,
20,Havens et al. 2001,Donghu,Lake,1997-1998,China,2.2,0.4,0.6,,53.0,,,400.0,8.0,2.5,,21.200000000000003,,,
21,Havens et al. 2001,Kasumigaura,Lake,1970-1980,Japan,4.0,0.6,0.69,,23.0,,,75.0,15.0,1.6666666666666667,,7.130000000000001,,,
22,Irfannullah and Moss 2008,Little Budworth Pool,Lake,2001-2003,United Kingdom,1.0,0.02,0.1,,577.0,,,83.0,118.0,50.0,,519.3000000000001,,,
23,Jeppesen et al. 1998,Arreskov,Lake,1989-1995,Denmark,1.9,1.8,0.58,,16.0,,,160.0,43.0,0.5555555555555556,,6.720000000000001,,,
24,Jeppesen et al. 1998,Engelsholm,Lake,1989-1995,Denmark,2.6,0.2,0.31,,40.0,,,95.0,22.0,5.0,,27.599999999999998,,,
25,Kronvang et al. 2001,Arresø,Lake,"unknown,10 years",Denmark,3.1,4.1,0.56,,12.0,,,430.0,16.0,0.24390243902439027,,5.279999999999999,,,
26,Kronvang et al. 2001,Drontermeer,Lake,"unknown,11-13 years",The Netherlands,1.1,0.02,0.2,,223.0,,,240.0,14.0,50.0,,178.4,,,
27,Kronvang et al. 2001,Nuldernauw,Lake,"unknown,11-13 years",The Netherlands,1.5,0.1,0.43,,60.0,,,129.0,21.0,10.0,,34.2,,,
28,Kronvang et al. 2001,Ravn,Lake,"unknown,10 years",Denmark,15.0,2.3,0.53,,70.0,,,34.0,,0.4347826086956522,,32.9,,,
29,Kronvang et al. 2001,Søholm,Lake,"unknown,10 years",Denmark,6.5,1.8,0.55,,33.0,,,78.0,52.0,0.5555555555555556,,14.849999999999998,,,
30,Kronvang et al. 2001,Tissø,Lake,"unknown,10 years",Denmark,8.2,1.1,0.65,,82.0,,,110.0,34.0,0.9090909090909091,,28.7,,,
31,Kronvang et al. 2001,Tystrup,Lake,"unknown,11-13 years",Denmark,9.9,0.6,0.37,,237.0,,,250.0,33.0,1.6666666666666667,,149.31,,,
32,Kronvang et al. 2001,Veluwemeer,Lake,"unknown,11-13 years",The Netherlands,1.3,0.1,0.52,,46.0,,,401.0,6.0,10.0,,22.08,,,
33,Kronvang et al. 2001,Woldewijd,Lake,"unknown,11-13 years",The Netherlands,1.5,0.3,0.37,,18.0,,,145.0,17.0,3.3333333333333335,,11.34,,,
34,Kvarnäs 2001,Mälaran,Lake,"unknown('70-'90),20 years",Sweden,12.8,2.6,0.56,,,,,37.0,17.0,0.3846153846153846,,,,,
35,Likens and Loucks 1978,Findley,Lake,1975,USA,7.8,0.1,0.25,,7.0,,,2.0,39.0,10.0,,5.25,,,
36,Likens and Loucks 1978,Mirror,Lake,1970-1975,USA,5.7,1.0,0.3,,2.0,,,2.0,65.0,1.0,,1.4,,,
37,Likens and Loucks 1978,Wingra,Lake,1970-1974,USA,2.4,0.5,0.81,,24.0,,,24.0,36.0,2.0,,4.559999999999999,,,
38,Malueg et al. 1975,Shagawa,Lake,1967-1972,USA,5.7,0.6,-0.03,,8.0,,,57.0,15.0,1.6666666666666667,,8.24,,,
39,Nizzoli et al. 2018,Idro,Lake,2010-2012,Italy,77.1,0.4,0.31,,79.0,,,110.0,9.0,2.5,,54.51,,,
40,Ojanen 1979,Tuusulanjärvi,Lake,1974-1977,Finland,3.1,0.6,0.48,,22.0,,,105.0,22.0,1.6666666666666667,,11.440000000000001,,,
41,Persson 2003,Aspen,Lake,1981-1990,Sweden,16.6,0.1,-0.01,,128.0,,,10.0,96.0,10.0,,129.28,,,
42,Persson 2003,Åsunden,Lake,1989-1991,Sweden,15.0,1.2,0.19,,18.0,,,20.0,57.0,0.8333333333333334,,14.580000000000002,,,
43,Persson 2003,Åsunden + Yttre Ås.,Lake,1989-1991,Sweden,11.9,1.2,0.29,,14.0,,,18.0,54.0,0.8333333333333334,,9.94,,,
44,Persson 2003,Bolmen,Lake,1980-1984,Sweden,5.0,1.0,0.6,,24.0,,,14.0,37.0,1.0,,9.600000000000001,,,
45,Persson 2003,Boren 1,Lake,1973,Sweden,6.0,0.2,0.36,,23.0,,,26.0,17.0,5.0,,14.72,,,
46,Persson 2003,Boren 2,Lake,1976,Sweden,6.0,0.4,0.59,,18.0,,,15.0,29.0,2.5,,7.380000000000001,,,
47,Persson 2003,Botjärn,Lake,1972-1973,Sweden,3.3,0.3,0.58,,4.0,,,14.0,30.0,3.3333333333333335,,1.6800000000000002,,,
48,Persson 2003,Brunnsjön,Lake,"1989-1990,1993-1994",Sweden,2.3,2.4,0.29,,24.0,,,124.0,13.0,0.4166666666666667,,17.04,,,
49,Persson 2003,Edssjön,Lake,1972,Sweden,3.0,0.1,0.12,,30.0,,,300.0,9.0,10.0,,26.4,,,
50,Persson 2003,Erken,Lake,1984,Sweden,9.0,6.3,0.44,,2.0,,,18.0,43.0,0.15873015873015872,,1.12,,,
51,Persson 2003,Fegen,Lake,1974,Sweden,7.5,1.8,0.44,,3.0,,,14.0,30.0,0.5555555555555556,,1.6800000000000002,,,
52,Persson 2003,Finjasjön,Lake,1976-1978,Sweden,3.8,0.4,0.46,,33.0,,,170.0,12.0,2.5,,17.82,,,
53,Persson 2003,Finjasjön 1,Lake,1976-1977,Sweden,3.8,0.4,0.44,,31.0,,,200.0,11.0,2.5,,17.360000000000003,,,
54,Persson 2003,Finjasjön 2,Lake,1978,Sweden,3.8,0.4,0.5,,37.0,,,219.0,9.0,2.5,,18.5,,,
55,Persson 2003,Finjasjön 3,Lake,1988-1990,Sweden,3.8,0.4,0.49,,45.0,,,210.0,8.0,2.5,,22.95,,,
56,Persson 2003,Gåran,Lake,1988,Sweden,1.5,0.02,0.12,,67.0,,,40.0,20.0,50.0,,58.96,,,
57,Persson 2003,Glan,Lake,1985-1989,Sweden,9.9,0.3,0.11,,47.0,,,45.0,14.0,3.3333333333333335,,41.83,,,
58,Persson 2003,Glaningen,Lake,1974,Sweden,1.5,0.1,0.39,,40.0,,,600.0,3.0,10.0,,24.4,,,
59,Persson 2003,Gunillajaure+N+P,Lake,1979,Sweden,6.0,1.5,0.36,,7.0,,,40.0,3.0,0.6666666666666666,,4.48,,,
60,Persson 2003,Hjälmaren,Lake,1981-1985,Sweden,6.1,3.4,0.77,,6.0,,,46.0,17.0,0.29411764705882354,,1.38,,,
61,Persson 2003,Hornborgasjön,Lake,1984-1996,Sweden,0.8,0.2,0.43,,20.0,,,30.0,53.0,5.0,,11.400000000000002,,,
62,Persson 2003,Hymenjaure N + P,Lake,1979,Sweden,1.3,0.2,0.43,,4.0,,,70.0,7.0,5.0,,2.2800000000000002,,,
63,Persson 2003,Ivösjön,Lake,1990-1993,Sweden,10.7,1.9,0.57,,7.0,,,14.0,57.0,0.5263157894736842,,3.0100000000000002,,,
64,Persson 2003,Kalvsjön,Lake,1974,Sweden,6.2,0.3,0.07,,16.0,,,12.0,42.0,3.3333333333333335,,14.879999999999999,,,
65,Persson 2003,Limmaren,Lake,1991-1992,Sweden,4.6,3.0,0.37,,2.0,,,80.0,18.0,0.3333333333333333,,1.26,,,
66,Persson 2003,Magnusjaure+N,Lake,1974,Sweden,2.2,0.2,0.35,,4.0,,,4.0,100.0,5.0,,2.6,,,
67,Persson 2003,Mälaren A,Lake,1981-1985,Sweden,3.4,0.1,0.05,,60.0,,,48.0,13.0,10.0,,57.0,,,
68,Persson 2003,Mälaren C,Lake,1981-1985,Sweden,16.9,1.8,0.42,,14.0,,,29.0,14.0,0.5555555555555556,,8.120000000000001,,,
69,Persson 2003,Mälaren D,Lake,1981-1985,Sweden,11.5,1.2,0.31,,27.0,,,60.0,14.0,0.8333333333333334,,18.63,,,
70,Persson 2003,Mjörn,Lake,1990,Sweden,15.0,1.4,0.38,,15.0,,,14.0,68.0,0.7142857142857143,,9.3,,,
71,Persson 2003,Norrviken 1,Lake,1961-1962,Sweden,5.4,0.6,0.25,,67.0,,,260.0,13.0,1.6666666666666667,,50.25,,,
72,Persson 2003,Norrviken 2,Lake,1972,Sweden,5.4,0.9,0.21,,7.0,,,210.0,12.0,1.1111111111111112,,5.53,,,
73,Persson 2003,Ö. Ringsjön+Sät 1,Lake,1980,Sweden,5.6,0.8,0.44,,33.0,,,200.0,11.0,1.25,,18.48,,,
74,Persson 2003,Ö. Ringsjön+Sät 2,Lake,1990,Sweden,5.6,0.8,0.62,,24.0,,,60.0,28.0,1.25,,9.120000000000001,,,
75,Persson 2003,Ö. Storsjön,Lake,1991-1996,Sweden,31.5,0.2,0.23,,14.0,,,45.0,16.0,5.0,,10.780000000000001,,,
76,Persson 2003,Oppmannasjön,Lake,1989-1990,Sweden,3.9,2.2,0.9,,8.0,,,32.0,31.0,0.45454545454545453,,0.7999999999999998,,,
77,Persson 2003,Oxundasjön,Lake,1972,Sweden,3.3,0.1,0.24,,42.0,,,140.0,12.0,10.0,,31.92,,,
78,Persson 2003,Ralången,Lake,1989-1990,Sweden,2.4,0.1,0.11,,32.0,,,50.0,24.0,10.0,,28.48,,,
79,Persson 2003,Ramsjön,Lake,1974,Sweden,1.8,0.2,0.63,,27.0,,,300.0,7.0,5.0,,9.99,,,
80,Persson 2003,Ringsjön,Lake,1980,Sweden,4.7,1.1,0.68,,25.0,,,200.0,12.0,0.9090909090909091,,7.999999999999999,,,
81,Persson 2003,Ringsjön,Lake,1991,Sweden,4.7,1.1,0.71,,20.0,,,75.0,17.0,0.9090909090909091,,5.800000000000001,,,
82,Persson 2003,Roxen,Lake,1985-1989,Sweden,5.0,0.2,0.16,,33.0,,,30.0,23.0,5.0,,27.72,,,
83,Persson 2003,Rusken,Lake,1985-1989,Sweden,3.5,0.5,0.41,,11.0,,,,,2.0,,6.490000000000001,,,
84,Persson 2003,Ryssbysjön,Lake,1974,Sweden,1.8,0.1,0.59,,43.0,,,200.0,8.0,10.0,,17.630000000000003,,,
85,Persson 2003,S. Bergundasjön 1,Lake,1973,Sweden,2.4,0.6,0.2,,27.0,,,1160.0,4.0,1.6666666666666667,,21.6,,,
86,Persson 2003,Södra Barken,Lake,1978-1980,Sweden,5.7,0.1,0.06,,30.0,,,18.0,29.0,10.0,,28.2,,,
87,Persson 2003,Tåkern,Lake,1983-1996,Sweden,0.8,0.7,0.64,,5.0,,,50.0,40.0,1.4285714285714286,,1.7999999999999998,,,
88,Persson 2003,V. Ringsjön 1,Lake,1980,Sweden,3.1,0.3,0.49,,42.0,,,210.0,12.0,3.3333333333333335,,21.42,,,
89,Persson 2003,V. Ringsjön 2,Lake,1990,Sweden,3.1,0.3,0.45,,21.0,,,70.0,21.0,3.3333333333333335,,11.55,,,
90,Persson 2003,V. Storsjön,Lake,1991-1996,Sweden,4.5,0.7,0.54,,5.0,,,45.0,10.0,1.4285714285714286,,2.3,,,
91,Persson 2003,Vänern,Lake,1982-1992,Sweden,27.0,9.3,0.3,,4.0,,,9.0,97.0,0.1075268817204301,,2.8,,,
92,Persson 2003,Väsman,Lake,1978-1980,Sweden,10.6,1.2,0.12,,5.0,,,15.0,32.0,0.8333333333333334,,4.4,,,
93,Persson 2003,Vättern,Lake,1975-1985,Sweden,40.0,60.0,0.47,,2.0,,,7.0,106.0,0.016666666666666666,,1.06,,,
94,Persson 2003,Vidöstern,Lake,1990-1998,Sweden,4.4,0.5,0.22,,12.0,,,17.0,33.0,2.0,,9.36,,,
94,Rowe et al. 2014,Michigan,Lake,1994-2008,USA,85.0,99.0,0.86,,2.0,,,5.0,90.0,0.010101010101010102,,0.28,,,
95,Salas and Martino 1991,Chapala,Lake,1983-1984,Mexico,4.2,11.1,0.91,,4.0,,,426.0,2.0,0.0900900900900901,,0.3599999999999999,,,
96,Salas and Martino 1991,Chapala,Lake,1986-1987,Mexico,4.4,15.9,0.94,,5.0,,,680.0,2.0,0.06289308176100629,,0.30000000000000027,,,
97,Salas and Martino 1991,La Plata,Lake,1981-1982,Puerto Rico,10.0,0.1,0.44,,197.0,,,220.0,5.0,10.0,,110.32000000000001,,,
98,Salas and Martino 1991,Laguna de Sonso,Lake,unknown,Colombia,1.0,0.04,0.22,,77.0,,,210.0,12.0,25.0,,60.06,,,
100,Salas and Martino 1991,Laguna Tortuguero,Lake,1974-1975,Puerto Rico,1.2,0.1,-0.04,,15.0,,,10.0,170.0,10.0,,15.600000000000001,,,
101,Salas and Martino 1991,Livingston,Lake,1975,USA,6.3,0.2,0.23,,54.0,,,20.0,80.0,5.0,,41.58,,,
102,Salas and Martino 1991,Loiza,Lake,1973-1974,Puerto Rico,6.1,0.1,0.17,,233.0,,,330.0,5.0,10.0,,193.39,,,
103,Salas and Martino 1991,Requena,Lake,1986-1987,Mexico,5.0,0.3,0.66,,98.0,,,383.0,5.0,3.3333333333333335,,33.32,,,
104,Salas and Martino 1991,Tequesquitango,Lake,1986,Mexico,16.0,98.5,0.92,,1.0,,,23.0,28.0,0.01015228426395939,,0.07999999999999996,,,
105,Schernewski 2003,Belau,Lake,1989-1994,Germany,9.0,0.8,0.5,,32.0,,,88.0,18.0,1.25,,16.0,,,
106,Smith et al. 1989,Kinneret,Lake,1969-1984,Israel,25.0,5.2,0.82,,9.0,,,20.0,25.0,0.1923076923076923,,1.6200000000000006,,,
107,Wetzel 2001,Mendota,Lake,unknown,USA,12.7,4.5,0.72,,5.0,,,110.0,5.0,0.2222222222222222,,1.4000000000000001,,,
108,Windolf et al. 1996,Borup Sø,Lake,1989-1992,Denmark,0.9,0.05,0.19,,147.0,,,150.0,33.0,20.0,,119.07000000000001,,,
109,Windolf et al. 1996,Bryrup Langsø,Lake,1989-1992,Denmark,4.6,0.3,0.49,,162.0,,,107.0,39.0,3.3333333333333335,,82.62,,,
110,Windolf et al. 1996,Dons Nørresø,Lake,1989-1992,Denmark,1.0,0.05,0.25,,148.0,,,216.0,23.0,20.0,,111.0,,,
111,Windolf et al. 1996,Fårup Sø,Lake,1989-1992,Denmark,5.6,0.5,0.57,,44.0,,,92.0,16.0,2.0,,18.92,,,
112,Windolf et al. 1996,Fuglesø,Lake,1989-1992,Denmark,2.0,0.1,0.54,,159.0,,,256.0,16.0,10.0,,73.14,,,
113,Windolf et al. 1996,Gundsømagle Sø,Lake,1989-1992,Denmark,1.2,0.08,0.37,,171.0,,,1127.0,5.0,12.5,,107.73,,,
114,Windolf et al. 1996,Hejrede Sø,Lake,1989-1992,Denmark,0.9,0.1,0.24,,88.0,,,123.0,35.0,10.0,,66.88,,,
115,Windolf et al. 1996,Hinge Sø,Lake,1989-1992,Denmark,1.2,0.04,0.18,,151.0,,,122.0,36.0,25.0,,123.82000000000001,,,
116,Windolf et al. 1996,Jels Oversø,Lake,1989-1992,Denmark,1.2,0.02,0.11,,708.0,,,273.0,25.0,50.0,,630.12,,,
117,Windolf et al. 1996,Kilen,Lake,1989-1992,Denmark,2.9,0.7,0.73,,34.0,,,187.0,12.0,1.4285714285714286,,9.18,,,
118,Windolf et al. 1996,Lange Sø,Lake,1989-1992,Denmark,3.1,0.6,0.45,,76.0,,,279.0,14.0,1.6666666666666667,,41.800000000000004,,,
119,Windolf et al. 1996,Lemvig Sø,Lake,1989-1992,Denmark,2.0,0.08,0.27,,245.0,,,239.0,18.0,12.5,,178.85,,,
120,Windolf et al. 1996,Ørn Sø,Lake,1989-1992,Denmark,4.0,0.04,0.12,,138.0,,,108.0,13.0,25.0,,121.44,,,
121,Windolf et al. 1996,Søgård Sø,Lake,1989-1992,Denmark,1.6,0.07,0.17,,301.0,,,272.0,25.0,14.285714285714285,,249.82999999999998,,,
122,Windolf et al. 1996,Store Søgård Sø,Lake,1989-1992,Denmark,2.7,0.2,0.29,,187.0,,,465.0,13.0,5.0,,132.76999999999998,,,
123,Windolf et al. 1996,Vesterborg Sø,Lake,1989-1992,Denmark,1.4,0.05,0.21,,281.0,,,241.0,22.0,20.0,,221.99,,,
124,Salas and Martino 1991,Americana,Reservoir,1986,Brazil,7.8,0.08,0.36,,357.0,,,98.0,25.0,12.5,,228.48000000000002,,,
125,Salas and Martino 1991,Atibainha,Reservoir,1986,Brazil,12.5,0.4,0.0,,29.0,,,23.0,39.0,2.5,,29.0,,,
126,Salas and Martino 1991,Barra Bonita,Reservoir,1986,Brazil,8.6,0.2,0.46,,99.0,,,59.0,23.0,5.0,,53.46,,,
127,Salas and Martino 1991,Cachoeira,Reservoir,1986,Brazil,10.7,0.1,0.1,,72.0,,,32.0,25.0,10.0,,64.8,,,
128,Salas and Martino 1991,Funil,Reservoir,1987,Brazil,22.8,0.2,0.11,,99.0,,,41.0,14.0,5.0,,88.11,,,
129,Salas and Martino 1991,Funil,Reservoir,1988-1989,Brazil,21.0,0.1,0.27,,213.0,,,66.0,9.0,10.0,,155.49,,,
130,Salas and Martino 1991,Guarapiranga,Reservoir,1986,Brazil,4.9,0.3,0.18,,16.0,,,44.0,20.0,3.3333333333333335,,13.120000000000001,,,
131,Salas and Martino 1991,Itupararanga,Reservoir,1986,Brazil,7.8,0.7,0.68,,32.0,,,29.0,31.0,1.4285714285714286,,10.239999999999998,,,
132,Salas and Martino 1991,Jaguari,Reservoir,1986,Brazil,16.8,1.2,0.53,,23.0,,,36.0,22.0,0.8333333333333334,,10.809999999999999,,,
133,Salas and Martino 1991,Lajes,Reservoir,1988-1989,Brazil,13.6,0.8,0.07,,9.0,,,18.0,26.0,1.25,,8.37,,,
134,Salas and Martino 1991,Paiva Castro,Reservoir,1986,Brazil,5.4,0.03,0.13,,185.0,,,23.0,36.0,33.333333333333336,,160.95,,,
135,Salas and Martino 1991,Paraibuna,Reservoir,1986,Brazil,26.4,1.9,0.23,,10.0,,,16.0,36.0,0.5263157894736842,,7.7,,,
136,Salas and Martino 1991,Ponte Nova,Reservoir,1986,Brazil,8.3,0.8,0.23,,8.0,,,25.0,23.0,1.25,,6.16,,,
137,Salas and Martino 1991,Taiaçupeba,Reservoir,1986,Brazil,2.2,0.1,0.35,,13.0,,,31.0,16.0,10.0,,8.450000000000001,,,
138,Vanni et al. 2011,Acton,Reservoir,2001,USA,3.9,0.1,0.3,,380.0,327.0,0.86,168.0,52.0,10.0,53.0,266.0,,,
139,Tomaszek and Koszelnik 2003,Rzeszów,Reservoir,1999-2001,Poland,0.5,0.006,0.23,,1299.0,,,,,166.66666666666666,,1000.23,,,
140,Tomaszek and Koszelnik 2003,Solina,Reservoir,1999-2001,Poland,22.0,0.6,0.12,,124.0,,,,,1.6666666666666667,,109.12,,,
141,Ahlgren et al. 1994,Norrviken,Lake,1992-1993,Sweden,5.4,0.9,0.19,0.37,8.0,3.0,0.39,75.0,15.0,1.1111111111111112,5.0,6.48,1.8900000000000001,4.59,0.08200000000000007
142,Ahlgren et al. 1994,Vallentuna,Lake,1992-1993,Sweden,2.5,2.0,0.45,0.85,3.0,2.0,0.72,65.0,18.0,0.5,1.0,1.6500000000000001,0.30000000000000004,1.35,-0.3500000000000001
143,Andersen 1974,Bryrup Langsø,Lake,1972-1973,Denmark,5.0,0.4,0.55,0.7,83.0,74.0,0.9,130.0,20.0,2.5,9.0,37.349999999999994,22.200000000000003,15.149999999999991,-0.6833333333333325
144,Andersen 1974,Halle sø,Lake,1972-1974,Denmark,2.8,0.1,0.53,0.73,86.0,73.0,0.85,82.0,18.0,10.0,13.0,40.419999999999995,19.71,20.709999999999994,-0.5930769230769226
145,Andersen 1974,Kul sø,Lake,1972-1973,Denmark,2.2,0.05,0.23,0.5,109.0,42.0,0.39,229.0,8.0,20.0,67.0,83.93,21.0,62.93000000000001,0.060746268656716285
146,Andersen 1974,Kvind sø,Lake,1972-1973,Denmark,1.9,0.04,0.28,0.58,162.0,114.0,0.7,179.0,13.0,25.0,48.0,116.64,47.88,68.75999999999999,-0.4324999999999999
147,Andersen 1974,Salten Langsø,Lake,1972-1973,Denmark,4.1,0.2,0.23,0.28,25.0,9.0,0.35,63.0,12.0,5.0,16.0,19.25,6.4799999999999995,12.77,0.20187500000000003
148,Andersen 1974,Stigsholm Sø,Lake,1972-1973,Denmark,1.2,0.03,0.24,0.19,81.0,38.0,0.47,122.0,12.0,33.333333333333336,43.0,61.56,30.78,30.78,0.28418604651162793
149,Broberg and Persson 1984,Gårdsjörn,Lake,1979-1981,Sweden,4.9,1.0,0.42,0.57,3.0,2.0,0.61,4.0,78.0,1.0,1.0,1.7400000000000002,0.8600000000000001,0.8800000000000001,0.11999999999999988
150,Ekholm et al. 1997,Phyäjärvi,Lake,1992,Finland,5.4,3.0,0.84,0.95,3.0,3.0,0.77,10.0,29.0,0.3333333333333333,0.01,0.4800000000000001,0.15000000000000013,0.32999999999999996,-31.999999999999993
151,Gibson et al. 1992,Neagh,Lake,1975-1987,Ireland,8.9,1.2,0.53,0.77,24.0,17.0,0.72,115.0,14.0,0.8333333333333334,7.0,11.28,3.9099999999999997,7.369999999999999,-0.052857142857142714
152,Hayward et al. 1993,Lower Lough Erne,Lake,1989,Northern Ireland,11.9,0.4,0.15,0.01,38.0,14.0,0.37,45.0,26.0,2.5,24.0,32.3,13.86,18.439999999999998,0.2316666666666668
153,ISE-CNR 1981–1990,Maggiore,Lake,1980-1989,Italy/Switzerland,176.5,2.4,0.23,0.27,52.0,42.0,0.8,13.0,56.0,0.4166666666666667,10.0,40.04,30.66,9.379999999999999,0.062000000000000055
154,ISE-CNR 1991–2000,Maggiore,Lake,1990-1999,Italy/Switzerland,176.5,2.3,0.23,0.27,50.0,40.0,0.8,8.0,83.0,0.4347826086956522,10.0,38.5,29.2,9.3,0.06999999999999995
155,ISE-CNR 2001–2009,Maggiore,Lake,2000-2009,Italy/Switzerland,176.5,2.1,0.2,0.24,46.0,40.0,0.87,7.0,77.0,0.47619047619047616,6.0,36.800000000000004,30.4,6.400000000000006,-0.06666666666666754
156,"UPDA-DT 2001–2007, IST-SUPSI 2008–2012",Lugano BN,Lake,2000-2011,Italy/Switzerland,171.0,6.9,0.7,0.86,28.0,20.0,0.7,22.0,21.0,0.14492753623188406,8.0,8.400000000000002,2.8000000000000003,5.600000000000001,0.2999999999999998
157,"UPDA-DT 2001–2007, IST-SUPSI 2008–2012",Lugano BS,Lake,2000-2011,Italy/Switzerland,55.0,1.4,0.37,0.32,77.0,53.0,0.69,24.0,52.0,0.7142857142857143,24.0,48.51,36.04,12.469999999999999,0.4804166666666667
158,Jensen et al. 1992,Søbygård,Lake,1978-1989,Denmark,1.0,0.06,0.45,0.73,136.0,122.0,0.9,495.0,9.0,16.666666666666668,14.0,74.80000000000001,32.940000000000005,41.86000000000001,-1.9900000000000007
159,Jeppesen et al. 1998,Søbygård,Lake,1988-1995,Denmark,1.0,0.05,0.35,0.59,86.0,77.0,0.9,775.0,4.0,20.0,9.0,55.9,31.570000000000004,24.329999999999995,-1.7033333333333327
160,Jonsson and Jansson 1997,Örträsket,Lake,1991-1992,Sweden,23.0,0.3,0.04,-0.22,27.0,3.0,0.09,20.0,20.0,3.3333333333333335,24.0,25.919999999999998,3.66,22.259999999999998,0.07250000000000012
161,Kaste and Lyche-Solheim 2005,Nedre Laundetjenn,Lake,1999-2001,Norway,8.5,0.2,0.07,0.13,29.0,20.0,0.69,7.0,91.0,5.0,9.0,26.97,17.4,9.57,-0.06333333333333346
162,Kaste and Lyche-Solheim 2005,Øvre Laundetjenn,Lake,1999-2001,Norway,7.0,0.1,0.0,0.06,38.0,27.0,0.71,5.0,120.0,10.0,11.0,38.0,25.38,12.620000000000001,-0.14727272727272744
163,Knuuttila et al. 1994,Kotojärvi,Lake,1987-1988,Finland,2.5,0.4,0.43,0.67,10.0,4.0,0.43,67.0,15.0,2.5,6.0,5.700000000000001,1.3199999999999998,4.380000000000001,0.2699999999999999
164,Knuuttila et al. 1994,Villikkalanjärvi,Lake,1989-1990,Finland,3.2,0.2,0.17,0.18,55.0,43.0,0.79,120.0,14.0,5.0,12.0,45.65,35.260000000000005,10.389999999999993,0.1341666666666672
165,Molot and Dillon 1993,Blue Chalk,Lake,1977-1989,Canada,8.5,5.3,0.73,0.87,2.0,1.0,0.72,6.0,42.0,0.18867924528301888,1.0,0.54,0.13,0.41000000000000003,0.59
166,Molot and Dillon 1993,Chub,Lake,1977-1989,Canada,8.9,2.0,0.4,0.6,3.0,1.0,0.47,10.0,36.0,0.5,2.0,1.7999999999999998,0.4,1.4,0.30000000000000004
167,Molot and Dillon 1993,Crosson,Lake,1977-1989,Canada,9.2,1.6,0.36,0.5,3.0,2.0,0.45,11.0,36.0,0.625,1.0,1.92,1.0,0.9199999999999999,0.08000000000000007
168,Molot and Dillon 1993,Dickie,Lake,1977-1989,Canada,5.0,1.8,0.52,0.73,2.0,1.0,0.48,11.0,36.0,0.5555555555555556,1.0,0.96,0.27,0.69,0.31000000000000005
169,Molot and Dillon 1993,Harp,Lake,1977-1989,Canada,13.3,3.1,0.48,0.62,3.0,2.0,0.55,7.0,51.0,0.3225806451612903,1.0,1.56,0.76,0.8,0.19999999999999996
170,Molot and Dillon 1993,Plastic,Lake,1977-1989,Canada,7.9,3.8,0.64,0.8,2.0,1.0,0.64,6.0,45.0,0.2631578947368421,1.0,0.72,0.19999999999999996,0.52,0.48
171,Molot and Dillon 1993,Red Chalk,Lake,1977-1989,Canada,14.2,2.5,0.41,0.53,3.0,2.0,0.55,5.0,63.0,0.4,1.0,1.7700000000000002,0.94,0.8300000000000003,0.1699999999999997
172,Nõges et al. 1998,Võrtsjärv,Lake,1995,Estonia,2.8,0.9,0.52,0.77,8.0,5.0,0.62,53.0,22.0,1.1111111111111112,3.0,3.84,1.15,2.69,0.10333333333333339
173,Nõges et al. 2003,Peipsi,Lake,1998,Estonia,7.1,1.6,0.34,0.71,7.0,3.0,0.5,27.0,36.0,0.625,4.0,4.619999999999999,0.8700000000000001,3.749999999999999,0.06250000000000022
174,Serruya 1975,Kinneret,Lake,1968-70,Israel,25.0,3.4,0.7,0.88,20.0,15.0,0.77,21.0,38.0,0.29411764705882354,5.0,6.000000000000001,1.7999999999999998,4.200000000000001,0.1599999999999998
175,Sterner et al. 1989,Superior,Lake,synthesis(1948-1999),USA,147.0,191.0,0.67,0.65,1.0,1.0,0.74,3.0,172.0,0.005235602094240838,0.01,0.32999999999999996,0.35,0.01,0.0
176,David et al. 2006,Shelbyville,Reservoir,2002-2003,USA,5.5,0.3,0.33,0.38,207.0,194.0,0.94,40.0,,3.3333333333333335,13.0,138.69,120.28,18.409999999999997,-0.4161538461538459
177,Prochazkova et al. 1973,Slapy,Reservoir,1963-1964,Czech Republik,20.6,0.11,0.03,-0.06,163.0,102.0,0.63,24.0,35.0,9.090909090909092,61.0,158.10999999999999,108.12,49.98999999999998,0.18049180327868886
178,Turner et al. 1983,Talquin,Reservoir,1971-1974,USA,4.1,0.09,0.1,0.48,54.0,14.0,0.26,106.0,10.0,11.11111111111111,40.0,48.6,7.28,41.32,-0.03299999999999992
179,Calderoni et al. 1978,Lago Mergozzo,Lake,1975,Italy,45.4,4.7,,0.4,,9.0,,6.0,,0.2127659574468085,,,5.3999999999999995,,
180,Dillon and Molot 1990,Batchawana South,Lake,1981-1983,Canada,3.3,0.3,,0.24,,,,0.2,,3.3333333333333335,,,,,
181,Dillon and Molot 1990,Clearwater,Lake,1977-1979,Canada,8.3,3.7,,0.61,,,,6.0,,0.27027027027027023,,,,,
182,Dillon and Molot 1990,Lohi,Lake,1977-1979,Canada,6.2,1.0,,0.46,,,,6.0,,1.0,,,,,
183,Dillon and Molot 1990,Turkey,Lake,1981-1983,Canada,12.2,0.9,,0.29,,,,0.2,,1.1111111111111112,,,,,
184,Höhner and Gächter 1993,Aegerisee,Lake,1947-1951,Switzerland,49.3,7.1,,0.42,,3.0,,7.0,,0.14084507042253522,,,1.7400000000000002,,
185,Höhner and Gächter 1993,Alpnachersee,Lake,1971-1973,Switzerland,21.1,0.3,,0.02,,36.0,,25.0,,3.3333333333333335,,,35.28,,
186,Höhner and Gächter 1993,Attersee,Lake,1975-1976,Austria,84.2,7.1,,-0.04,,5.0,,3.0,,0.14084507042253522,,,5.2,,
187,Höhner and Gächter 1993,Baldeggersee,Lake,1957-1959,Switzerland,33.1,4.2,,0.74,,22.0,,175.0,,0.23809523809523808,,,5.720000000000001,,
188,Höhner and Gächter 1993,Baldeggersee,Lake,1985-1987,Switzerland,33.1,4.2,,0.66,,53.0,,200.0,,0.23809523809523808,,,18.02,,
189,Höhner and Gächter 1993,Baldeggersee,Lake,1975-1976,Switzerland,33.1,0.2,,0.62,,31.0,,425.0,,5.0,,,11.78,,
190,Höhner and Gächter 1993,Feldsee,Lake,1974-1975,Austria,15.7,0.5,,0.13,,7.0,,50.0,,2.0,,,6.09,,
191,Höhner and Gächter 1993,Greifensee,Lake,1951,Switzerland,19.0,1.4,,0.64,,46.0,,75.0,,0.7142857142857143,,,16.56,,
192,Höhner and Gächter 1993,Greifensee,Lake,1978,Switzerland,19.0,1.4,,0.57,,54.0,,270.0,,0.7142857142857143,,,23.220000000000002,,
193,Höhner and Gächter 1993,Greifensee,Lake,1967-1968,Switzerland,19.0,1.4,,0.63,,48.0,,388.0,,0.7142857142857143,,,17.759999999999998,,
194,Höhner and Gächter 1993,Hallwilersee,Lake,1988-1990,Switzerland,28.0,3.8,,0.56,,18.0,,130.0,,0.2631578947368421,,,7.919999999999999,,
195,Höhner and Gächter 1993,Lac de Neuchâtel,Lake,1985,Switzerland,64.0,8.3,,0.61,,22.0,,40.0,,0.12048192771084336,,,8.58,,
196,Höhner and Gächter 1993,Lac Léman,Lake,1985,France/Switzerland,154.0,12.5,,0.41,,12.0,,75.0,,0.08,,,7.080000000000001,,
197,Höhner and Gächter 1993,Lac Léman,Lake,1976,France/Switzerland,154.0,12.5,,0.46,,11.0,,100.0,,0.08,,,5.94,,
198,Höhner and Gächter 1993,Lunzer Untersee,Lake,1975-1976,Austria,20.0,1.2,,0.03,,43.0,,7.0,,0.8333333333333334,,,41.71,,
199,Höhner and Gächter 1993,Maggiore,Lake,1972-1973,Italy/Switzerland,20.0,2.4,,0.3,,58.0,,35.0,,0.4166666666666667,,,40.599999999999994,,
200,Höhner and Gächter 1993,Ossiachersee,Lake,1974-1976,Austria,17.4,1.8,,0.64,,17.0,,40.0,,0.5555555555555556,,,6.12,,
201,Höhner and Gächter 1993,Pfäffikersee,Lake,1951,Switzerland,17.4,2.0,,0.69,,19.0,,80.0,,0.5,,,5.890000000000001,,
202,Höhner and Gächter 1993,Pfäffikersee,Lake,1967-1968,Switzerland,13.0,2.0,,0.74,,30.0,,250.0,,0.5,,,7.800000000000001,,
203,Höhner and Gächter 1993,Piburgersee,Lake-,1974-1976,Austria,44.4,2.8,,0.39,,2.0,,20.0,,0.35714285714285715,,,1.22,,
204,Höhner and Gächter 1993,Sempachersee,Lake,1966,Switzerland,44.4,16.7,,0.82,,7.0,,30.0,,0.059880239520958084,,,1.2600000000000002,,
205,Höhner and Gächter 1993,Sempachersee,Lake,1977-1978,Switzerland,44.4,16.7,,0.85,,13.0,,100.0,,0.059880239520958084,,,1.9500000000000002,,
206,Höhner and Gächter 1993,Sempachersee,Lake,1984-1986,Switzerland,44.4,16.7,,0.86,,17.0,,150.0,,0.059880239520958084,,,2.3800000000000003,,
207,Höhner and Gächter 1993,Sempachersee,Lake,1954,Switzerland,44.4,16.7,,0.77,,4.0,,20.0,,0.059880239520958084,,,0.9199999999999999,,
208,Höhner and Gächter 1993,Türlersee,Lake,1952-1953,Switzerland,14.0,2.1,,0.69,,8.0,,16.0,,0.47619047619047616,,,2.4800000000000004,,
209,Höhner and Gächter 1993,Zürich-Obersee,Lake,1969-1970,Switzerland,27.5,0.2,,-0.17,,72.0,,40.0,,5.0,,,84.24,,
210,Höhner and Gächter 1993,Zürichsee,Lake,1953,Switzerland,44.0,1.4,,0.21,,27.0,,50.0,,0.7142857142857143,,,21.330000000000002,,
211,Höhner and Gächter 1993,Zürichsee,Lake,1969-1970,Switzerland,44.0,1.4,,-0.05,,22.0,,100.0,,0.7142857142857143,,,23.1,,
212,Höhner and Gächter 1993,Zürich-Untersee,Lake,1969-1970,Switzerland,49.2,1.2,,-0.03,,30.0,,100.0,,0.8333333333333334,,,30.900000000000002,,
213,Kaste and Dillon 2003,Fjellgardsvatn,Lake,1999,Norway,42.7,0.4,,0.1,,16.0,,4.0,,2.5,,,14.4,,
214,Kaste and Dillon 2003,Heney,Lake,1980-1998,Canada,3.3,1.5,,0.62,,1.0,,8.0,,0.6666666666666666,,,0.38,,
215,Kaste and Dillon 2003,Langtjern,Lake,1987-1988,Norway,2.4,0.2,,0.18,,1.0,,4.0,,5.0,,,0.8200000000000001,,
216,Kaste and Dillon 2003,Røyravatn,Lake,1999,Norway,16.4,0.1,,0.09,,22.0,,4.0,,10.0,,,20.02,,
217,Kaste and Dillon 2003,Sandvatn,Lake,1999,Norway,4.5,0.3,,0.24,,7.0,,4.0,,3.3333333333333335,,,5.32,,
218,Kelly et al. 1987,223,Lake,1976-1984,Canada,7.1,8.7,,0.98,,1.0,,7.0,,0.1149425287356322,,,0.020000000000000018,,
219,Kelly et al. 1987,239,Lake,1981-1983,Canada,10.9,6.2,,0.88,,1.0,,8.0,,0.16129032258064516,,,0.12,,
220,Kelly et al. 1987,302N,Lake,1981-1984,Canada,5.7,5.8,,0.7,,1.0,,1.0,,0.1724137931034483,,,0.30000000000000004,,
221,Kelly et al. 1987,302S,Lake,1981-1984,Canada,5.1,8.3,,0.98,,1.0,,1.0,,0.12048192771084336,,,0.020000000000000018,,
222,Kelly et al. 1987,Crystal,Lake,1984,USA,10.6,25.0,,0.99,,0.3,,8.0,,0.04,,,0.0030000000000000027,,
223,Kelly et al. 1987,Dart's,Lake,1982-1984,USA,7.1,0.06,,0.07,,36.0,,8.0,,16.666666666666668,,,33.48,,
224,Kelly et al. 1987,Langtjern,Lake,1972-1978,Norway,2.4,0.2,,0.36,,1.0,,4.0,,5.0,,,0.64,,
225,Mengis et al. 1997,Baldeggersee,Lake,1989-1990,Switzerland,33.0,4.1,,0.84,,42.0,,99.0,,0.24390243902439027,,,6.7200000000000015,,
226,Mengis et al. 1997,Zugersee,Lake,1995,Switzerland,84.0,14.4,,1.0,,9.0,,158.0,,0.06944444444444445,,,0.0,,
227,Olsen and Andersen 1994,Kvie,Lake,1989,Denmark,1.2,1.5,,0.8,,3.0,,80.0,,0.6666666666666666,,,0.5999999999999999,,
228,Schelske 1975,Michigan,Lake,1962-1964,USA,84.0,100.0,,0.93,1.0,1.0,0.72,10.0,,0.01,0.01,,0.06999999999999995,,
229,Garnier et al. 1999,Aube,Reservoir,1994-1995,France,7.6,0.6,,0.53,,37.0,,,,1.6666666666666667,,,17.39,,
230,Garnier et al. 1999,Marne,Reservoir,1993-1995,France,7.2,0.5,,0.5,,45.0,,,,2.0,,,22.5,,
231,Garnier et al. 1999,Seine,Reservoir,1993-1995,France,8.9,0.4,,0.26,,104.0,,,,2.5,,,76.96,,
232,Kelly 2001,Falcon,Reservoir,1996-1998,USA,11.2,0.8,,0.76,,4.0,,,,1.25,,,0.96,,
233,Kelly 2001,Amistad,Reservoir,1996-1998,USA,47.7,1.6,,0.37,,5.0,,,,0.625,,,3.15,,
234,Kelly 2001,Mead,Reservoir,1996-1998,USA,55.9,3.7,,0.0,,7.0,,,,0.27027027027027023,,,7.0,,
235,Kelly 2001,Powell,Reservoir,1996-1998,USA,93.0,3.3,,0.0,,11.0,,,,0.30303030303030304,,,11.0,,
